仓库编码,仓库描述,City,Building,Floor,仓库地址,仓库类型,仓库用途,公司,库管员,是否虚拟库,是否启用,启用日期,停用日期
I0001,资产集团总库（新媒体）,35.北京市,129753.搜狐媒体大厦,B2,北京市海淀区科学院南路2号院3号楼搜狐媒体大厦,ES库,IU0001.资产高耗库,114.新媒体,114111-杨芊,否,启用,,
I0002,资产集团总库（新时代）,35.北京市,129753.搜狐媒体大厦,B2,北京市海淀区科学院南路2号院3号楼搜狐媒体大厦,ES库,IU0001.资产高耗库,101.新时代,114111-杨芊,否,启用,,
I0003,资产集团总库（互联网）,35.北京市,129753.搜狐媒体大厦,B2,北京市海淀区科学院南路2号院3号楼搜狐媒体大厦,ES库,IU0001.资产高耗库,102.互联网,114111-杨芊,否,启用,,
I0004,资产集团总库（搜狐支付）,35.北京市,129753.搜狐媒体大厦,B2,北京市海淀区科学院南路2号院3号楼搜狐媒体大厦,ES库,IU0001.资产高耗库,129.搜狐支付,114111-杨芊,否,启用,,
I0005,资产集团总库（软件科技）,35.北京市,129753.搜狐媒体大厦,B2,北京市海淀区科学院南路2号院3号楼搜狐媒体大厦,ES库,IU0001.资产高耗库,111.软件科技（新软件）,114111-杨芊,否,启用,,
I0006,资产集团总库（新动力）,35.北京市,129753.搜狐媒体大厦,B2,北京市海淀区科学院南路2号院3号楼搜狐媒体大厦,ES库,IU0001.资产高耗库,112.北京新动力,114111-杨芊,否,启用,,
I0007,资产集团总库（天津飞狐）,35.北京市,129753.搜狐媒体大厦,B2,北京市海淀区科学院南路2号院3号楼搜狐媒体大厦,ES库,IU0001.资产高耗库,123.天津飞狐,114111-杨芊,否,启用,,
I0008,资产集团总库（天津金狐）,35.北京市,129753.搜狐媒体大厦,B2,北京市海淀区科学院南路2号院3号楼搜狐媒体大厦,ES库,IU0001.资产高耗库,124.天津金狐,114111-杨芊,否,启用,,
I0009,资产集团总库（千钧）,35.北京市,129753.搜狐媒体大厦,B2,北京市海淀区科学院南路2号院3号楼搜狐媒体大厦,ES库,IU0001.资产高耗库,132.千钧,114111-杨芊,否,启用,,
I0010,资产集团总库（焦点互动）,35.北京市,129753.搜狐媒体大厦,B2,北京市海淀区科学院南路2号院3号楼搜狐媒体大厦,ES库,IU0001.资产高耗库,201.焦点互动,114111-杨芊,否,启用,,
I0011,资产集团总库（焦点新干线）,35.北京市,129753.搜狐媒体大厦,B2,北京市海淀区科学院南路2号院3号楼搜狐媒体大厦,ES库,IU0001.资产高耗库,203.焦点新干线,114111-杨芊,否,停用,,
I0024,资产网络大厦库（新媒体）,35.北京市,129752.搜狐网络大厦,11层,北京市海淀区中关村东路1号院搜狐网络大厦,ES库,IU0001.资产高耗库,114.新媒体,114111-杨芊,否,停用,,
I0025,资产网络大厦库（新时代）,35.北京市,129752.搜狐网络大厦,11层,北京市海淀区中关村东路1号院搜狐网络大厦,ES库,IU0001.资产高耗库,101.新时代,114111-杨芊,否,停用,,
I0026,资产网络大厦库（互联网）,35.北京市,129752.搜狐网络大厦,11层,北京市海淀区中关村东路1号院搜狐网络大厦,ES库,IU0001.资产高耗库,102.互联网,201602-徐恬蕾,否,停用,,
I0027,资产网络大厦库（搜狐支付）,35.北京市,129752.搜狐网络大厦,11层,北京市海淀区中关村东路1号院搜狐网络大厦,ES库,IU0001.资产高耗库,129.搜狐支付,201602-徐恬蕾,否,停用,,
I0028,资产网络大厦库（软件科技）,35.北京市,129752.搜狐网络大厦,11层,北京市海淀区中关村东路1号院搜狐网络大厦,ES库,IU0001.资产高耗库,111.软件科技（新软件）,201602-徐恬蕾,否,停用,,
I0029,资产焦点融科库（焦点互动）,35.北京市,110.融科资讯中心C座南楼,19层,北京市海淀区科学院南路融科资讯中心C座,ES库,IU0001.资产高耗库,201.焦点互动,114111-杨芊,否,停用,,
I0030,资产焦点融科库（焦点新干线）,35.北京市,110.融科资讯中心C座南楼,19层,北京市海淀区科学院南路融科资讯中心C座,ES库,IU0001.资产高耗库,203.焦点新干线,114111-杨芊,否,停用,,
I0031,资产北京家具库（新媒体）,35.北京市,129753.搜狐媒体大厦,B3,北京市海淀区科学院南路融科资讯中心C座,ES库,IU0002.资产库,114.新媒体,114577-张红锁,否,启用,,
I0032,资产北京农场库（新时代）,35.北京市,129753.搜狐媒体大厦,17层,北京市密云县北庄镇,ES库,IU0002.资产库,101.新时代,208075-刘鸿雁,否,停用,,
I1001,耗材集团总库（新媒体）,35.北京市,129753.搜狐媒体大厦,B2,北京市海淀区科学院南路2号院3号楼搜狐媒体大厦,ES库,IU0003.耗材库,114.新媒体,114111-杨芊,否,启用,,
I1002,耗材集团总库（天津飞狐）,35.北京市,129753.搜狐媒体大厦,B2,北京市海淀区科学院南路2号院3号楼搜狐媒体大厦,ES库,IU0003.耗材库,123.天津飞狐,114111-杨芊,否,启用,,
I1003,耗材集团总库（焦点互动）,35.北京市,129753.搜狐媒体大厦,B2,北京市海淀区科学院南路2号院3号楼搜狐媒体大厦,ES库,IU0003.耗材库,201.焦点互动,114111-杨芊,否,启用,,
I1004,耗材集团总库（焦点新干线）,35.北京市,129753.搜狐媒体大厦,B2,北京市海淀区科学院南路2号院3号楼搜狐媒体大厦,ES库,IU0003.耗材库,203.焦点新干线,207270-何依,否,停用,,
I0013,资产集团前台库（新媒体）,35.北京市,129753.搜狐媒体大厦,B1,北京市海淀区科学院南路2号院3号楼搜狐媒体大厦,ES库,IU0001.资产高耗库,114.新媒体,114111-杨芊,否,启用,,
I0014,资产集团前台库（新时代）,35.北京市,129753.搜狐媒体大厦,B1,北京市海淀区科学院南路2号院3号楼搜狐媒体大厦,ES库,IU0001.资产高耗库,101.新时代,114111-杨芊,否,启用,,
I0015,资产集团前台库（互联网）,35.北京市,129753.搜狐媒体大厦,B1,北京市海淀区科学院南路2号院3号楼搜狐媒体大厦,ES库,IU0001.资产高耗库,102.互联网,114111-杨芊,否,启用,,
I0016,资产集团前台库（搜狐支付）,35.北京市,129753.搜狐媒体大厦,B1,北京市海淀区科学院南路2号院3号楼搜狐媒体大厦,ES库,IU0001.资产高耗库,129.搜狐支付,114111-杨芊,否,启用,,
I0017,资产集团前台库（软件科技）,35.北京市,129753.搜狐媒体大厦,B1,北京市海淀区科学院南路2号院3号楼搜狐媒体大厦,ES库,IU0001.资产高耗库,111.软件科技（新软件）,114111-杨芊,否,启用,,
I0018,资产集团前台库（新动力）,35.北京市,129753.搜狐媒体大厦,B1,北京市海淀区科学院南路2号院3号楼搜狐媒体大厦,ES库,IU0001.资产高耗库,112.北京新动力,114111-杨芊,否,启用,,
I0019,资产集团前台库（天津飞狐）,35.北京市,129753.搜狐媒体大厦,B1,北京市海淀区科学院南路2号院3号楼搜狐媒体大厦,ES库,IU0001.资产高耗库,123.天津飞狐,114111-杨芊,否,启用,,
I0020,资产集团前台库（天津金狐）,35.北京市,129753.搜狐媒体大厦,B1,北京市海淀区科学院南路2号院3号楼搜狐媒体大厦,ES库,IU0001.资产高耗库,124.天津金狐,114111-杨芊,否,启用,,
I0021,资产集团前台库（千钧）,35.北京市,129753.搜狐媒体大厦,B1,北京市海淀区科学院南路2号院3号楼搜狐媒体大厦,ES库,IU0001.资产高耗库,132.千钧,114111-杨芊,否,启用,,
I0022,资产集团前台库（焦点互动）,35.北京市,129753.搜狐媒体大厦,B1,北京市海淀区科学院南路2号院3号楼搜狐媒体大厦,ES库,IU0001.资产高耗库,201.焦点互动,114111-杨芊,否,启用,,
I0023,资产集团前台库（焦点新干线）,35.北京市,129753.搜狐媒体大厦,B1,北京市海淀区科学院南路2号院3号楼搜狐媒体大厦,ES库,IU0001.资产高耗库,203.焦点新干线,114111-杨芊,否,停用,,
I1005,耗材集团总库（千钧）,35.北京市,129753.搜狐媒体大厦,B2,北京市海淀区科学院南路2号院3号楼搜狐媒体大厦,ES库,IU0003.耗材库,132.千钧,114111-杨芊,否,启用,,
I0033,资产MIS备货库（新媒体）,35.北京市,129753.搜狐媒体大厦,B1,,MIS库,IU0002.资产库,114.新媒体,216770-唐星博,否,启用,,
I0034,资产MIS备货库（新时代）,35.北京市,129753.搜狐媒体大厦,B1,,MIS库,IU0002.资产库,101.新时代,216770-唐星博,否,启用,,
I0035,资产MIS备货库（互联网）,35.北京市,129753.搜狐媒体大厦,B1,,MIS库,IU0002.资产库,102.互联网,216770-唐星博,否,启用,,
